id,created_at,order_name,customer_id
1,2020-01-02T15:34:12Z,PO #001-I,ivan
2,2020-01-15T17:34:12Z,PO #002-I,ivan
3,2020-01-05T05:34:12Z,PO #003-I,ivan
4,2020-02-02T15:34:12Z,PO #004-I,ivan
5,2020-01-03T10:34:12Z,PO #005-I,ivan
6,2020-01-02T15:34:12Z,PO #001-P,petr
7,2020-01-15T17:34:12Z,PO #002-P,petr
8,2020-01-05T05:34:12Z,PO #003-P,petr
9,2020-02-02T15:34:12Z,PO #004-P,petr
10,2020-01-03T10:34:12Z,PO #005-P,petr
12,2020-03-15T12:45:12Z,PO #007-M,maria
11,2020-03-01T09:15:12Z,PO #006-M,maria
13,2020-03-05T08:30:12Z,PO #008-M,maria
14,2020-04-02T18:20:12Z,PO #009-M,maria
15,2020-03-03T11:55:12Z,PO #010-M,maria
16,2020-03-01T09:15:12Z,PO #006-J,john
17,2020-03-15T12:45:12Z,PO #007-J,john
18,2020-03-05T08:30:12Z,PO #008-J,john
19,2020-04-02T18:20:12Z,PO #009-J,john
20,2020-03-03T11:55:12Z,PO #010-J,john
21,2020-05-01T14:30:12Z,PO #011-L,lisa
22,2020-05-15T09:45:12Z,PO #012-L,lisa
23,2020-05-05T16:20:12Z,PO #013-L,lisa
24,2020-06-02T11:10:12Z,PO #014-L,lisa
25,2020-05-03T13:55:12Z,PO #015-L,lisa
26,2020-05-01T14:30:12Z,PO #011-B,bob
27,2020-05-15T09:45:12Z,PO #012-B,bob
28,2020-05-05T16:20:12Z,PO #013-B,bob
29,2020-06-02T11:10:12Z,PO #014-B,bob
30,2020-05-03T13:55:12Z,PO #015-B,bob